test_0001.png,2017
test_0002.png,2007
test_0003.png,1993
test_0004.png,1986
test_0005.png,1999
test_0006.png,2017
test_0007.png,1997
test_0008.png,2001
test_0009.png,1989
test_0010.png,1989
test_0011.png,2002
test_0012.png,2014
test_0013.png,2018
test_0014.png,2002
test_0015.png,1981
test_0016.png,2000
test_0017.png,1980
test_0018.png,2002
test_0019.png,2008
test_0020.png,2016
test_0021.png,1980
test_0022.png,1999
test_0023.png,2011
test_0024.png,1990
test_0025.png,2000
test_0026.png,2003
test_0027.png,2005
test_0028.png,2006
test_0029.png,1994
test_0030.png,1993
test_0031.png,1981
test_0032.png,2015
test_0033.png,1985
test_0034.png,1999
test_0035.png,1987
test_0036.png,2017
test_0037.png,1996
test_0038.png,1982
test_0039.png,2003
test_0040.png,1992
test_0041.png,1987
test_0042.png,2004
test_0043.png,1980
test_0044.png,1998
test_0045.png,2006
test_0046.png,1985
test_0047.png,1986
test_0048.png,2013
test_0049.png,1992
test_0050.png,1995
test_0051.png,2014
test_0052.png,2018
test_0053.png,1982
test_0054.png,1980
test_0055.png,1984
test_0056.png,1982
test_0057.png,2007
test_0058.png,1996
test_0059.png,2004
test_0060.png,2012
test_0061.png,1988
test_0062.png,2014
test_0063.png,1992
test_0064.png,2009
test_0065.png,1993
test_0066.png,1986
test_0067.png,1992
test_0068.png,2001
test_0069.png,2018
test_0070.png,1999
test_0071.png,1994
test_0072.png,1996
test_0073.png,2002
test_0074.png,2004
test_0075.png,2003
test_0076.png,2007
test_0077.png,1993
test_0078.png,1979
test_0079.png,2003
test_0080.png,1985
test_0081.png,1987
test_0082.png,2002
test_0083.png,1979
test_0084.png,1986
test_0085.png,2002
test_0086.png,1989
test_0087.png,1995
test_0088.png,1986
test_0089.png,2013
test_0090.png,2013
test_0091.png,2011
test_0092.png,1983
test_0093.png,2017
test_0094.png,2006
test_0095.png,1985
test_0096.png,1987
test_0097.png,1986
test_0098.png,1990
test_0099.png,2012
test_0100.png,2011
test_0101.png,2001
test_0102.png,2002
test_0103.png,2015
test_0104.png,2013
test_0105.png,2018
test_0106.png,2000
test_0107.png,2005
test_0108.png,2013
test_0109.png,1979
test_0110.png,2013
test_0111.png,2015
test_0112.png,1992
test_0113.png,1981
test_0114.png,1979
test_0115.png,1983
test_0116.png,2004
test_0117.png,1992
test_0118.png,2017
test_0119.png,2005
test_0120.png,1987
test_0121.png,1993
test_0122.png,1993
test_0123.png,2004
test_0124.png,1991
test_0125.png,2010
test_0126.png,2017
test_0127.png,2010
test_0128.png,1982
test_0129.png,2008
test_0130.png,2015
test_0131.png,2001
test_0132.png,2017
test_0133.png,1993
test_0134.png,2007
test_0135.png,2014
test_0136.png,1991
test_0137.png,2010
test_0138.png,1985
test_0139.png,2000
test_0140.png,2006
test_0141.png,1980
test_0142.png,1984
test_0143.png,2006
test_0144.png,2006
test_0145.png,1998
test_0146.png,2008
test_0147.png,1989
test_0148.png,2006
test_0149.png,2003
test_0150.png,2017
test_0151.png,2011
test_0152.png,1979
test_0153.png,2005
test_0154.png,1991
test_0155.png,1981
test_0156.png,2017
test_0157.png,1984
test_0158.png,1986
test_0159.png,2005
test_0160.png,1987
test_0161.png,2015
test_0162.png,2011
test_0163.png,2002
test_0164.png,1993
test_0165.png,2010
test_0166.png,2010
test_0167.png,2002
test_0168.png,1990
test_0169.png,2017
test_0170.png,1980
test_0171.png,1981
test_0172.png,2015
test_0173.png,1995
test_0174.png,1980
test_0175.png,1980
test_0176.png,2006
test_0177.png,2001
test_0178.png,2015
test_0179.png,2010
test_0180.png,2011
test_0181.png,1979
test_0182.png,1997
test_0183.png,1980
test_0184.png,2004
test_0185.png,2010
test_0186.png,1984
test_0187.png,2010
test_0188.png,1982
test_0189.png,1989
test_0190.png,1995
test_0191.png,2016
test_0192.png,2002
test_0193.png,1983
test_0194.png,2012
test_0195.png,1984
test_0196.png,2000
test_0197.png,1989
test_0198.png,1994
test_0199.png,2011
test_0200.png,1987
test_0201.png,1984
test_0202.png,1994
test_0203.png,2007
test_0204.png,1981
test_0205.png,1998
test_0206.png,2014
test_0207.png,1997
test_0208.png,2004
test_0209.png,1981
test_0210.png,1997
test_0211.png,1998
test_0212.png,2010
test_0213.png,1985
test_0214.png,2011
test_0215.png,2018
test_0216.png,2017
test_0217.png,1996
test_0218.png,2018
test_0219.png,1979
test_0220.png,1989
test_0221.png,2006
test_0222.png,2003
test_0223.png,2001
test_0224.png,2009
test_0225.png,2008
test_0226.png,2013
test_0227.png,1985
test_0228.png,1994
test_0229.png,2004
test_0230.png,1980
test_0231.png,1979
test_0232.png,1990
test_0233.png,1983
test_0234.png,2015
test_0235.png,2010
test_0236.png,1987
test_0237.png,2013
test_0238.png,1997
test_0239.png,1994
test_0240.png,1981
test_0241.png,1998
test_0242.png,2002
test_0243.png,2011
test_0244.png,2002
test_0245.png,1989
test_0246.png,1986
test_0247.png,2014
test_0248.png,2016
test_0249.png,2018
test_0250.png,1998
test_0251.png,2013
test_0252.png,2003
test_0253.png,2013
test_0254.png,2003
test_0255.png,2007
test_0256.png,1996
test_0257.png,1996
test_0258.png,1980
test_0259.png,2013
test_0260.png,1994
test_0261.png,2014
test_0262.png,2011
test_0263.png,1982
test_0264.png,2011
test_0265.png,1992
test_0266.png,1999
test_0267.png,1998
test_0268.png,1986
test_0269.png,1985
test_0270.png,1981
test_0271.png,1995
test_0272.png,2011
test_0273.png,1990
test_0274.png,2000
test_0275.png,2000
test_0276.png,2008
test_0277.png,2016
test_0278.png,2016
test_0279.png,1986
test_0280.png,2005
test_0281.png,2005
test_0282.png,2012
test_0283.png,1999
test_0284.png,2008
test_0285.png,2011
test_0286.png,2006
test_0287.png,2011
test_0288.png,1983
test_0289.png,1997
test_0290.png,1982
test_0291.png,2013
test_0292.png,1995
test_0293.png,2006
test_0294.png,2008
test_0295.png,2007
test_0296.png,1984
test_0297.png,2013
test_0298.png,2015
test_0299.png,2002
test_0300.png,2007
test_0301.png,2009
test_0302.png,2013
test_0303.png,2011
test_0304.png,1999
test_0305.png,2010
test_0306.png,2001
test_0307.png,2011
test_0308.png,1981
test_0309.png,1996
test_0310.png,2003
test_0311.png,2009
test_0312.png,1981
test_0313.png,2018
test_0314.png,2002
test_0315.png,2010
test_0316.png,2000
test_0317.png,2001
test_0318.png,1980
test_0319.png,2005
test_0320.png,1980
test_0321.png,2004
test_0322.png,1995
test_0323.png,2018
test_0324.png,2011
test_0325.png,1987
test_0326.png,2017
test_0327.png,2007
test_0328.png,2004
test_0329.png,2013
test_0330.png,2003
test_0331.png,2002
test_0332.png,1991
test_0333.png,1985
test_0334.png,2014
test_0335.png,1998
test_0336.png,1979
test_0337.png,1986
test_0338.png,1994
test_0339.png,1992
test_0340.png,1990
test_0341.png,2001
test_0342.png,1993
test_0343.png,2006
test_0344.png,2012
test_0345.png,1980
test_0346.png,2010
test_0347.png,2001
test_0348.png,2000
test_0349.png,2003
test_0350.png,2000
test_0351.png,2000
test_0352.png,1984
test_0353.png,1993
test_0354.png,2015
test_0355.png,2011
test_0356.png,1986
test_0357.png,1983
test_0358.png,2017
test_0359.png,1982
test_0360.png,1984
test_0361.png,2010
test_0362.png,2008
test_0363.png,2013
test_0364.png,2018
test_0365.png,1994
test_0366.png,1991
test_0367.png,2008
test_0368.png,1997
test_0369.png,1995
test_0370.png,1997
test_0371.png,2006
test_0372.png,2004
test_0373.png,2015
test_0374.png,2004
test_0375.png,2001
test_0376.png,1987
test_0377.png,1990
test_0378.png,1979
test_0379.png,1979
test_0380.png,2012
test_0381.png,2010
test_0382.png,2003
test_0383.png,2018
test_0384.png,1979
test_0385.png,1994
test_0386.png,2017
test_0387.png,1983
test_0388.png,2000
test_0389.png,2007
test_0390.png,1981
test_0391.png,1990
test_0392.png,2004
test_0393.png,1994
test_0394.png,2015
test_0395.png,2000
test_0396.png,2007
test_0397.png,1992
test_0398.png,2006
test_0399.png,1983
test_0400.png,2008
test_0401.png,1983
test_0402.png,1990
test_0403.png,1994
test_0404.png,2004
test_0405.png,2004
test_0406.png,1999
test_0407.png,2017
test_0408.png,2014
test_0409.png,2011
test_0410.png,2008
test_0411.png,2015
test_0412.png,2001
test_0413.png,1988
test_0414.png,1983
test_0415.png,2014
test_0416.png,2012
test_0417.png,2009
test_0418.png,1988
test_0419.png,1997
test_0420.png,2010
test_0421.png,1979
test_0422.png,1983
test_0423.png,1982
test_0424.png,1994
test_0425.png,2002
test_0426.png,1994
test_0427.png,1980
test_0428.png,2006
test_0429.png,2010
test_0430.png,2005
test_0431.png,1998
test_0432.png,2002
test_0433.png,1990
test_0434.png,2013
test_0435.png,2011
test_0436.png,2011
test_0437.png,2015
test_0438.png,1990
test_0439.png,1981
test_0440.png,1979
test_0441.png,2011
test_0442.png,2018
test_0443.png,1988
test_0444.png,2007
test_0445.png,1991
test_0446.png,1990
test_0447.png,2009
test_0448.png,1980
test_0449.png,2013
test_0450.png,2001
test_0451.png,1995
test_0452.png,2004
test_0453.png,1986
test_0454.png,2007
test_0455.png,2004
test_0456.png,1988
test_0457.png,2004
test_0458.png,2012
test_0459.png,1985
test_0460.png,1982
test_0461.png,1989
test_0462.png,2007
test_0463.png,2014
test_0464.png,2003
test_0465.png,1999
test_0466.png,2014
test_0467.png,1988
test_0468.png,2015
test_0469.png,1987
test_0470.png,2002
test_0471.png,2013
test_0472.png,2013
test_0473.png,2014
test_0474.png,1996
test_0475.png,2017
test_0476.png,2010
test_0477.png,2002
test_0478.png,2001
test_0479.png,2010
test_0480.png,2015
test_0481.png,1990
test_0482.png,1991
test_0483.png,2001
test_0484.png,2003
test_0485.png,2013
test_0486.png,2008
test_0487.png,1995
test_0488.png,1998
test_0489.png,2003
test_0490.png,2000
test_0491.png,1991
test_0492.png,1997
test_0493.png,2014
test_0494.png,1990
test_0495.png,1997
test_0496.png,1990
test_0497.png,1987
test_0498.png,1985
test_0499.png,2006
test_0500.png,1992
test_0501.png,2009
test_0502.png,1997
test_0503.png,1994
test_0504.png,1983
test_0505.png,2013
test_0506.png,1990
test_0507.png,2003
test_0508.png,1999
test_0509.png,2014
test_0510.png,2001
test_0511.png,1994
test_0512.png,2017
test_0513.png,2017
test_0514.png,1992
test_0515.png,2009
test_0516.png,1983
test_0517.png,2013
test_0518.png,2001
test_0519.png,2007
test_0520.png,1989
test_0521.png,1996
test_0522.png,1990
test_0523.png,1987
test_0524.png,1988
test_0525.png,1995
test_0526.png,2016
test_0527.png,1985
test_0528.png,1991
test_0529.png,2018
test_0530.png,1987
test_0531.png,2005
test_0532.png,1980
test_0533.png,1983
test_0534.png,2007
test_0535.png,2015
test_0536.png,2016
test_0537.png,1997
test_0538.png,1986
test_0539.png,1979
test_0540.png,2000
test_0541.png,1995
test_0542.png,1985
test_0543.png,2003
test_0544.png,1982
test_0545.png,2014
test_0546.png,1984
test_0547.png,2009
test_0548.png,1997
test_0549.png,2017
test_0550.png,2005
test_0551.png,1988
test_0552.png,2004
test_0553.png,1997
test_0554.png,2017
test_0555.png,1981
test_0556.png,1991
test_0557.png,2006
test_0558.png,1998
test_0559.png,2006
test_0560.png,1986
test_0561.png,2017
test_0562.png,1979
test_0563.png,1981
test_0564.png,1991
test_0565.png,2006
test_0566.png,2003
test_0567.png,2011
test_0568.png,2016
test_0569.png,1984
test_0570.png,2010
test_0571.png,1999
test_0572.png,1994
test_0573.png,1999
test_0574.png,1989
test_0575.png,2015
test_0576.png,2014
test_0577.png,2013
test_0578.png,1997
test_0579.png,1998
test_0580.png,1996
test_0581.png,1992
test_0582.png,1993
test_0583.png,2009
test_0584.png,1979
test_0585.png,1981
test_0586.png,1994
test_0587.png,2001
test_0588.png,1989
test_0589.png,1990
test_0590.png,1988
test_0591.png,2010
test_0592.png,1994
test_0593.png,1986
test_0594.png,2016
test_0595.png,1990
test_0596.png,2002
test_0597.png,2006
test_0598.png,1986
test_0599.png,2006
test_0600.png,2014
test_0601.png,2004
test_0602.png,1986
test_0603.png,2006
test_0604.png,2006
test_0605.png,2015
test_0606.png,2014
test_0607.png,2005
test_0608.png,1995
test_0609.png,1987
test_0610.png,2011
test_0611.png,1998
test_0612.png,1991
test_0613.png,2006
test_0614.png,2007
test_0615.png,1991
test_0616.png,2013
test_0617.png,1984
test_0618.png,1996
test_0619.png,1983
test_0620.png,2003
test_0621.png,1980
test_0622.png,1988
test_0623.png,2008
test_0624.png,1983
test_0625.png,2011
test_0626.png,1979
test_0627.png,1996
test_0628.png,2010
test_0629.png,1989
test_0630.png,1999
test_0631.png,2004
test_0632.png,2003
test_0633.png,2000
test_0634.png,2005
test_0635.png,1991
test_0636.png,2011
test_0637.png,2012
test_0638.png,2013
test_0639.png,1979
test_0640.png,1999
test_0641.png,1984
test_0642.png,2006
test_0643.png,1995
test_0644.png,1983
test_0645.png,2009
test_0646.png,1983
test_0647.png,2016
test_0648.png,1981
test_0649.png,2001
test_0650.png,2015
test_0651.png,2015
test_0652.png,1988
test_0653.png,1988
test_0654.png,1997
test_0655.png,1995
test_0656.png,1999
test_0657.png,1992
test_0658.png,1987
test_0659.png,1979
test_0660.png,1991
test_0661.png,1982
test_0662.png,1979
test_0663.png,2018
test_0664.png,2010
test_0665.png,2012
test_0666.png,2006
test_0667.png,2009
test_0668.png,1986
test_0669.png,2017
test_0670.png,2004
test_0671.png,2012
test_0672.png,1981
test_0673.png,1990
test_0674.png,1979
test_0675.png,1983
test_0676.png,2008
test_0677.png,2008
test_0678.png,1995
test_0679.png,2001
test_0680.png,1993
test_0681.png,2015
test_0682.png,1999
test_0683.png,1992
test_0684.png,1980
test_0685.png,1989
test_0686.png,2017
test_0687.png,2016
test_0688.png,2012
test_0689.png,2016
test_0690.png,2012
test_0691.png,1996
test_0692.png,2008
test_0693.png,1993
test_0694.png,2005
test_0695.png,2012
test_0696.png,2016
test_0697.png,2011
test_0698.png,2002
test_0699.png,1993
test_0700.png,2008
test_0701.png,1995
test_0702.png,1983
test_0703.png,2007
test_0704.png,1982
test_0705.png,1988
test_0706.png,1995
test_0707.png,1988
test_0708.png,1995
test_0709.png,1998
test_0710.png,2002
test_0711.png,1983
test_0712.png,2012
test_0713.png,1984
test_0714.png,1980
test_0715.png,1991
test_0716.png,1989
test_0717.png,2001
test_0718.png,1994
test_0719.png,2009
test_0720.png,1989
test_0721.png,1994
test_0722.png,1986
test_0723.png,1982
test_0724.png,2018
test_0725.png,1982
test_0726.png,2003
test_0727.png,1981
test_0728.png,2010
test_0729.png,1981
test_0730.png,2005
test_0731.png,2007
test_0732.png,2010
test_0733.png,1997
test_0734.png,1999
test_0735.png,1983
test_0736.png,1996
test_0737.png,2006
test_0738.png,2000
test_0739.png,1999
test_0740.png,1984
test_0741.png,1979
test_0742.png,1983
test_0743.png,1990
test_0744.png,2004
test_0745.png,2012
test_0746.png,1992
test_0747.png,2004
test_0748.png,2005
test_0749.png,1987
test_0750.png,2004
test_0751.png,2000
test_0752.png,2008
test_0753.png,1995
test_0754.png,2004
test_0755.png,2014
test_0756.png,1979
test_0757.png,1986
test_0758.png,2013
test_0759.png,1993
test_0760.png,2000
test_0761.png,1992
test_0762.png,2004
test_0763.png,2006
test_0764.png,2001
test_0765.png,1992
test_0766.png,2002
test_0767.png,1980
test_0768.png,2004
test_0769.png,1992
test_0770.png,1985
test_0771.png,1981
test_0772.png,2001
test_0773.png,1996
test_0774.png,2016
test_0775.png,2013
test_0776.png,1993
test_0777.png,2003
test_0778.png,2015
test_0779.png,2006
test_0780.png,1988
test_0781.png,2017
test_0782.png,1995
test_0783.png,2017
test_0784.png,2000
test_0785.png,2004
test_0786.png,2003
test_0787.png,1995
test_0788.png,1991
test_0789.png,1998
test_0790.png,2003
test_0791.png,1982
test_0792.png,1988
test_0793.png,1981
test_0794.png,1996
test_0795.png,2014
test_0796.png,2000
test_0797.png,2012
test_0798.png,1986
test_0799.png,2018
test_0800.png,1997
test_0801.png,2015
test_0802.png,1984
test_0803.png,2004
test_0804.png,2012
test_0805.png,1984
test_0806.png,2015
test_0807.png,2011
test_0808.png,2000
test_0809.png,1999
test_0810.png,1984
test_0811.png,1984
test_0812.png,1982
test_0813.png,2008
test_0814.png,1989
test_0815.png,2008
test_0816.png,2009
test_0817.png,2002
test_0818.png,1987
test_0819.png,1981
test_0820.png,2009
test_0821.png,2018
test_0822.png,2015
test_0823.png,2014
test_0824.png,2002
test_0825.png,2009
test_0826.png,1984
test_0827.png,1980
test_0828.png,1998
test_0829.png,2006
test_0830.png,1989
test_0831.png,1982
test_0832.png,1993
test_0833.png,1984
test_0834.png,2008
test_0835.png,2016
test_0836.png,1980
test_0837.png,1993
test_0838.png,1989
test_0839.png,1986
test_0840.png,2004
test_0841.png,1983
test_0842.png,1984
test_0843.png,2004
test_0844.png,1982
test_0845.png,1997
test_0846.png,1998
test_0847.png,2011
test_0848.png,1998
test_0849.png,1990
test_0850.png,1979
test_0851.png,2004
test_0852.png,1992
test_0853.png,2016
test_0854.png,2015
test_0855.png,1989
test_0856.png,2014
test_0857.png,1991
test_0858.png,1981
test_0859.png,2011
test_0860.png,1984
test_0861.png,1988
test_0862.png,1983
test_0863.png,2001
test_0864.png,1988
test_0865.png,1980
test_0866.png,1991
test_0867.png,2018
test_0868.png,1980
test_0869.png,1998
test_0870.png,1979
test_0871.png,2015
test_0872.png,1987
test_0873.png,1995
test_0874.png,1987
test_0875.png,1989
test_0876.png,1993
test_0877.png,2002
test_0878.png,2016
test_0879.png,2013
test_0880.png,2008
test_0881.png,2009
test_0882.png,1983
test_0883.png,1992
test_0884.png,1989
test_0885.png,1987
test_0886.png,2012
test_0887.png,1990
test_0888.png,2013
test_0889.png,2013
test_0890.png,1979
test_0891.png,2018
test_0892.png,2000
test_0893.png,2007
test_0894.png,1986
test_0895.png,1989
test_0896.png,2015
test_0897.png,1992
test_0898.png,2008
test_0899.png,2013
test_0900.png,1999
test_0901.png,2015
test_0902.png,1983
test_0903.png,1997
test_0904.png,1992
test_0905.png,2004
test_0906.png,1982
test_0907.png,2003
test_0908.png,2003
test_0909.png,1996
test_0910.png,2018
test_0911.png,1986
test_0912.png,2017
test_0913.png,2018
test_0914.png,1992
test_0915.png,2010
test_0916.png,2016
test_0917.png,2011
test_0918.png,2001
test_0919.png,1993
test_0920.png,2011
test_0921.png,2003
test_0922.png,1995
test_0923.png,2011
test_0924.png,1980
test_0925.png,1992
test_0926.png,2018
test_0927.png,2018
test_0928.png,2017
test_0929.png,1984
test_0930.png,1984
test_0931.png,1981
test_0932.png,1985
test_0933.png,1986
test_0934.png,1993
test_0935.png,2007
test_0936.png,2011
test_0937.png,2008
test_0938.png,2017
test_0939.png,2005
test_0940.png,2014
test_0941.png,2007
test_0942.png,2016
test_0943.png,2011
test_0944.png,2015
test_0945.png,2005
test_0946.png,2011
test_0947.png,1982
test_0948.png,2000
test_0949.png,1980
test_0950.png,1988
test_0951.png,1983
test_0952.png,1988
test_0953.png,2011
test_0954.png,2016
test_0955.png,1991
test_0956.png,2009
test_0957.png,2014
test_0958.png,2002
test_0959.png,1993
test_0960.png,2007
test_0961.png,1986
test_0962.png,1983
test_0963.png,2007
test_0964.png,1982
test_0965.png,1990
test_0966.png,1980
test_0967.png,2005
test_0968.png,2009
test_0969.png,2014
test_0970.png,2014
test_0971.png,2004
test_0972.png,2005
test_0973.png,1983
test_0974.png,1998
test_0975.png,1989
test_0976.png,1988
test_0977.png,2018
test_0978.png,2016
test_0979.png,1984
test_0980.png,1986
test_0981.png,2001
test_0982.png,2004
test_0983.png,1990
test_0984.png,2004
test_0985.png,1991
test_0986.png,2018
test_0987.png,1996
test_0988.png,2003
test_0989.png,2011
test_0990.png,2018
test_0991.png,1990
test_0992.png,2014
test_0993.png,1982
test_0994.png,1983
test_0995.png,2015
test_0996.png,1986
test_0997.png,2006
test_0998.png,2009
test_0999.png,1987
test_1000.png,2007
test_1001.png,1992
test_1002.png,2018
test_1003.png,2000
test_1004.png,1989
test_1005.png,2001
test_1006.png,1979
test_1007.png,2015
test_1008.png,1999
test_1009.png,2004
test_1010.png,2014
test_1011.png,2001
test_1012.png,1979
test_1013.png,2018
test_1014.png,1993
test_1015.png,1999
test_1016.png,1987
test_1017.png,1987
test_1018.png,1988
test_1019.png,2004
test_1020.png,2013
test_1021.png,2003
test_1022.png,2004
test_1023.png,1989
test_1024.png,2016
test_1025.png,1980
test_1026.png,1985
test_1027.png,1996
test_1028.png,2005
test_1029.png,2012
test_1030.png,2005
test_1031.png,1995
test_1032.png,2002
test_1033.png,2003
test_1034.png,1985
test_1035.png,1984
test_1036.png,2002
test_1037.png,2011
test_1038.png,2007
test_1039.png,2000
test_1040.png,2004
test_1041.png,2006
test_1042.png,1999
test_1043.png,1985
test_1044.png,1995
test_1045.png,1998
test_1046.png,1998
test_1047.png,2000
test_1048.png,2006
test_1049.png,2018
test_1050.png,1985
test_1051.png,1979
test_1052.png,2010
test_1053.png,1991
test_1054.png,2008
test_1055.png,2001
test_1056.png,1997
test_1057.png,2010
test_1058.png,2008
test_1059.png,2007
test_1060.png,2007
test_1061.png,2008
test_1062.png,1994
test_1063.png,2018
test_1064.png,1997
test_1065.png,1996
test_1066.png,1979
test_1067.png,1992
test_1068.png,1980
test_1069.png,2006
test_1070.png,2008
test_1071.png,2016
test_1072.png,1982
test_1073.png,1979
test_1074.png,1986
test_1075.png,2007
test_1076.png,2017
test_1077.png,1981
test_1078.png,2010
test_1079.png,1988
test_1080.png,1988
test_1081.png,1997
test_1082.png,2012
test_1083.png,2011
test_1084.png,2001
test_1085.png,2006
test_1086.png,2010
test_1087.png,1985
test_1088.png,2007
test_1089.png,1986
test_1090.png,1979
test_1091.png,1981
test_1092.png,2002
test_1093.png,2001
test_1094.png,1986
test_1095.png,2015
test_1096.png,1981
test_1097.png,2011
test_1098.png,2006
test_1099.png,1986
test_1100.png,2012
test_1101.png,2013
test_1102.png,2010
test_1103.png,2002
test_1104.png,1992
test_1105.png,2010
test_1106.png,1994
test_1107.png,1982
test_1108.png,2015
test_1109.png,1999
test_1110.png,1992
test_1111.png,2009
test_1112.png,1996
test_1113.png,1985
test_1114.png,1988
test_1115.png,1985
test_1116.png,2011
test_1117.png,2001
test_1118.png,1999
test_1119.png,1997
test_1120.png,1997
test_1121.png,2014
test_1122.png,2007
test_1123.png,1996
test_1124.png,1980
test_1125.png,1979
test_1126.png,1983
test_1127.png,1998
test_1128.png,1989
test_1129.png,1980
test_1130.png,1981
test_1131.png,2001
test_1132.png,1990
test_1133.png,1998
test_1134.png,1983
test_1135.png,2015
test_1136.png,2016
test_1137.png,2008
test_1138.png,1987
test_1139.png,2012
test_1140.png,2013
test_1141.png,2000
test_1142.png,2002
test_1143.png,1995
test_1144.png,1988
test_1145.png,2008
test_1146.png,2001
test_1147.png,2010
test_1148.png,1995
test_1149.png,1995
test_1150.png,1992
test_1151.png,1987
test_1152.png,2018
test_1153.png,1980
test_1154.png,2003
test_1155.png,2017
test_1156.png,1987
test_1157.png,2000
test_1158.png,1982
test_1159.png,2004
test_1160.png,2007
test_1161.png,2012
test_1162.png,2001
test_1163.png,2015
test_1164.png,1989
test_1165.png,1984
test_1166.png,1996
test_1167.png,1999
test_1168.png,2014
test_1169.png,2016
test_1170.png,2012
test_1171.png,1995
test_1172.png,2015
test_1173.png,2003
test_1174.png,2016
test_1175.png,1990
test_1176.png,2001
test_1177.png,2000
test_1178.png,1999
test_1179.png,2005
test_1180.png,2009
test_1181.png,1984
test_1182.png,2005
test_1183.png,2018
test_1184.png,2012
test_1185.png,1990
test_1186.png,1985
test_1187.png,1988
test_1188.png,1995
test_1189.png,2004
test_1190.png,1999
test_1191.png,2006
test_1192.png,1980
test_1193.png,1979
test_1194.png,2014
test_1195.png,2004
test_1196.png,2007
test_1197.png,1999
test_1198.png,1989
test_1199.png,2018
test_1200.png,1989
test_1201.png,2014
test_1202.png,2017
test_1203.png,2018
test_1204.png,2013
test_1205.png,2012
test_1206.png,2002
test_1207.png,2000
test_1208.png,1983
test_1209.png,2011
test_1210.png,2014
test_1211.png,1998
test_1212.png,1997
test_1213.png,2013
test_1214.png,1995
test_1215.png,2012
test_1216.png,1987
test_1217.png,2004
test_1218.png,1980
test_1219.png,1987
test_1220.png,1987
test_1221.png,2018
test_1222.png,1995
test_1223.png,1979
test_1224.png,2003
test_1225.png,2018
test_1226.png,2003
test_1227.png,2017
test_1228.png,2013
test_1229.png,1981
test_1230.png,2015
test_1231.png,2008
test_1232.png,2016
test_1233.png,2012
test_1234.png,1990
test_1235.png,1997
test_1236.png,2015
test_1237.png,1995
test_1238.png,1988
test_1239.png,1990
test_1240.png,1994
test_1241.png,2002
test_1242.png,1997
test_1243.png,1986
test_1244.png,2009
test_1245.png,1999
test_1246.png,1995
test_1247.png,2001
test_1248.png,2015
test_1249.png,1994
test_1250.png,1984
test_1251.png,1986
test_1252.png,2003
test_1253.png,1996
test_1254.png,2003
test_1255.png,1990
test_1256.png,1993
test_1257.png,2004
test_1258.png,2004
test_1259.png,2010
test_1260.png,1988
test_1261.png,1994
test_1262.png,1985
test_1263.png,1995
test_1264.png,2001
test_1265.png,2004
test_1266.png,1999
test_1267.png,2000
test_1268.png,1985
test_1269.png,1992
test_1270.png,1993
test_1271.png,1985
test_1272.png,1987
test_1273.png,1986
test_1274.png,2001
test_1275.png,2007
test_1276.png,1996
test_1277.png,2009
test_1278.png,2008
test_1279.png,2017
test_1280.png,2013
test_1281.png,1996
test_1282.png,2017
test_1283.png,1995
test_1284.png,1992
test_1285.png,2009
test_1286.png,2002
test_1287.png,2013
test_1288.png,2012
test_1289.png,1981
test_1290.png,2015
test_1291.png,2018
test_1292.png,2004
test_1293.png,2001
test_1294.png,2017
test_1295.png,1993
test_1296.png,1982
test_1297.png,2007
test_1298.png,2000
test_1299.png,2003
test_1300.png,1991
test_1301.png,1996
test_1302.png,2011
test_1303.png,1994
test_1304.png,1980
test_1305.png,2013
test_1306.png,2012
test_1307.png,2008
test_1308.png,1991
test_1309.png,1991
test_1310.png,1996
test_1311.png,2010
test_1312.png,2010
test_1313.png,2013
test_1314.png,2017
test_1315.png,2007
test_1316.png,2007
test_1317.png,1994
test_1318.png,1988
test_1319.png,2008
test_1320.png,2003
test_1321.png,2017
test_1322.png,1998
test_1323.png,1983
test_1324.png,1979
test_1325.png,2008
test_1326.png,1981
test_1327.png,1992
test_1328.png,2008
test_1329.png,1982
test_1330.png,1996
test_1331.png,2015
test_1332.png,2003
test_1333.png,1979
test_1334.png,1993
test_1335.png,1987
test_1336.png,1993
test_1337.png,2002
test_1338.png,1982
test_1339.png,1990
test_1340.png,2015
test_1341.png,2015
test_1342.png,1984
test_1343.png,2017
test_1344.png,2002
test_1345.png,1989
test_1346.png,1991
test_1347.png,2012
test_1348.png,2003
test_1349.png,1985
test_1350.png,1982
test_1351.png,1986
test_1352.png,1998
test_1353.png,2007
test_1354.png,1988
test_1355.png,2012
test_1356.png,2004
test_1357.png,1981
test_1358.png,1984
test_1359.png,1983
test_1360.png,1983
test_1361.png,2001
test_1362.png,1987
test_1363.png,2013
test_1364.png,1998
test_1365.png,2013
test_1366.png,1996
test_1367.png,1995
test_1368.png,2002
test_1369.png,1981
test_1370.png,2010
test_1371.png,2013
test_1372.png,2016
test_1373.png,1991
test_1374.png,2003
test_1375.png,1987
test_1376.png,1982
test_1377.png,1992
test_1378.png,2015
test_1379.png,2012
test_1380.png,1989
test_1381.png,1981
test_1382.png,2006
test_1383.png,2007
test_1384.png,1987
test_1385.png,1981
test_1386.png,2003
test_1387.png,2012
test_1388.png,1990
test_1389.png,1987
test_1390.png,1993
test_1391.png,2018
test_1392.png,2003
test_1393.png,1983
test_1394.png,1989
test_1395.png,2012
test_1396.png,2002
test_1397.png,1993
test_1398.png,2016
test_1399.png,1986
test_1400.png,1983
test_1401.png,2004
test_1402.png,1996
test_1403.png,1984
test_1404.png,2015
test_1405.png,1991
test_1406.png,2006
test_1407.png,1983
test_1408.png,1991
test_1409.png,1995
test_1410.png,2018
test_1411.png,2010
test_1412.png,2007
test_1413.png,1981
test_1414.png,2018
test_1415.png,2012
test_1416.png,2018
test_1417.png,2005
test_1418.png,1991
test_1419.png,2011
test_1420.png,1984
test_1421.png,2002
test_1422.png,1997
test_1423.png,1994
test_1424.png,2018
test_1425.png,2006
test_1426.png,2011
test_1427.png,1991
test_1428.png,2003
test_1429.png,2014
test_1430.png,2005
test_1431.png,2016
test_1432.png,1985
test_1433.png,1983
test_1434.png,2009
test_1435.png,2001
test_1436.png,1988
test_1437.png,2010
test_1438.png,2008
test_1439.png,2017
test_1440.png,2009
test_1441.png,1996
test_1442.png,2014
test_1443.png,1980
test_1444.png,1992
test_1445.png,1991
test_1446.png,2007
test_1447.png,1990
test_1448.png,2017
test_1449.png,1980
test_1450.png,2010
test_1451.png,1991
test_1452.png,2005
test_1453.png,1995
test_1454.png,2018
test_1455.png,2009
test_1456.png,2012
test_1457.png,2002
test_1458.png,2013
test_1459.png,1984
test_1460.png,1997
test_1461.png,2008
test_1462.png,1985
test_1463.png,1988
test_1464.png,2010
test_1465.png,2012
test_1466.png,2006
test_1467.png,1993
test_1468.png,2008
test_1469.png,2015
test_1470.png,2007
test_1471.png,2000
test_1472.png,1982
test_1473.png,1998
test_1474.png,2010
test_1475.png,2014
test_1476.png,1982
test_1477.png,2005
test_1478.png,1995
test_1479.png,1990
test_1480.png,2000
test_1481.png,1995
test_1482.png,1988
test_1483.png,1979
test_1484.png,2000
test_1485.png,2004
test_1486.png,1996
test_1487.png,1992
test_1488.png,2007
test_1489.png,1990
test_1490.png,2014
test_1491.png,2013
test_1492.png,1990
test_1493.png,1985
test_1494.png,2007
test_1495.png,1989
test_1496.png,2011
test_1497.png,1984
test_1498.png,1993
test_1499.png,2010
test_1500.png,1989
test_1501.png,2001
test_1502.png,2004
test_1503.png,2012
test_1504.png,2012
test_1505.png,2007
test_1506.png,1982
test_1507.png,1995
test_1508.png,2013
test_1509.png,1991
test_1510.png,2017
test_1511.png,1993
test_1512.png,2007
test_1513.png,2007
test_1514.png,1989
test_1515.png,2010
test_1516.png,1980
test_1517.png,1992
test_1518.png,1998
test_1519.png,2000
test_1520.png,1989
test_1521.png,2005
test_1522.png,1981
test_1523.png,1995
test_1524.png,2006
test_1525.png,2007
test_1526.png,1999
test_1527.png,1994
test_1528.png,2015
test_1529.png,1998
test_1530.png,1984
test_1531.png,1997
test_1532.png,1983
test_1533.png,1981
test_1534.png,1979
test_1535.png,2016
test_1536.png,1993
test_1537.png,2012
test_1538.png,2013
test_1539.png,2003
test_1540.png,2002
test_1541.png,1990
test_1542.png,1996
test_1543.png,1993
test_1544.png,1994
test_1545.png,2005
test_1546.png,1986
test_1547.png,2003
test_1548.png,1995
test_1549.png,2007
test_1550.png,1986
test_1551.png,1993
test_1552.png,2005
test_1553.png,1985
test_1554.png,1981
test_1555.png,2007
test_1556.png,2002
test_1557.png,1981
test_1558.png,1998
test_1559.png,1993
test_1560.png,2003
test_1561.png,2008
test_1562.png,1992
test_1563.png,1985
test_1564.png,1995
test_1565.png,1998
test_1566.png,2014
test_1567.png,1987
test_1568.png,2016
test_1569.png,2000
test_1570.png,1980
test_1571.png,2002
test_1572.png,1986
test_1573.png,1989
test_1574.png,1991
test_1575.png,1995
test_1576.png,1986
test_1577.png,1999
test_1578.png,1996
test_1579.png,2008
test_1580.png,1996
test_1581.png,2009
test_1582.png,2016
test_1583.png,2010
test_1584.png,1989
test_1585.png,2003
test_1586.png,2011
test_1587.png,2016
test_1588.png,1986
test_1589.png,1989
test_1590.png,2000
test_1591.png,2002
test_1592.png,1995
test_1593.png,1990
test_1594.png,2010
test_1595.png,1993
test_1596.png,1994
test_1597.png,2000
test_1598.png,2006
test_1599.png,1998
test_1600.png,2011
test_1601.png,1988
test_1602.png,2018
test_1603.png,2010
test_1604.png,2011
test_1605.png,1980
test_1606.png,2011
test_1607.png,2011
test_1608.png,1991
test_1609.png,2008
test_1610.png,2011
test_1611.png,1991
test_1612.png,2004
test_1613.png,2000
test_1614.png,2017
test_1615.png,1980
test_1616.png,2016
test_1617.png,2017
test_1618.png,2004
test_1619.png,1993
test_1620.png,2012
test_1621.png,2018
test_1622.png,1989
test_1623.png,1981
test_1624.png,1984
test_1625.png,1987
test_1626.png,1984
test_1627.png,1987
test_1628.png,2017
test_1629.png,2009
test_1630.png,2010
test_1631.png,1990
test_1632.png,1986
test_1633.png,1986
test_1634.png,2006
test_1635.png,1998
test_1636.png,1985
test_1637.png,1989
test_1638.png,1998
test_1639.png,1994
test_1640.png,1982
test_1641.png,1984
test_1642.png,2000
test_1643.png,2004
test_1644.png,1981
test_1645.png,1992
test_1646.png,1989
test_1647.png,1996
test_1648.png,1990
test_1649.png,2001
test_1650.png,1990
test_1651.png,1991
test_1652.png,2003
test_1653.png,1997
test_1654.png,2014
test_1655.png,1986
test_1656.png,2007
test_1657.png,2010
test_1658.png,1996
test_1659.png,1984
test_1660.png,1996
test_1661.png,1997
test_1662.png,2000
test_1663.png,2015
test_1664.png,2010
test_1665.png,1981
test_1666.png,2006
test_1667.png,1988
test_1668.png,2013
test_1669.png,2007
test_1670.png,1993
test_1671.png,2011
